max_depth,train_scores,test_scores
1,0.7591904425539756,0.7637737239727289
2,0.8218420810171678,0.8237823229531356
3,0.8310555572617548,0.8289417111971009
4,0.8447836368661896,0.8423315521159634
5,0.8540585362857406,0.8424543946932007
6,0.8579281963084672,0.8436828204655734
7,0.8613064709314825,0.8487807874209201
8,0.8671723841405362,0.8481665745347338
9,0.8766929762599429,0.8460168294330815
10,0.8688000982770799,0.8438056630428107
